{
    "hparams": {
        "loss": "margin",
        "input_dropout": 0.6,
        "hidden_state": 500,
        "hidden_layers": 1,
        "hidden_dropout": 0.3,
        "num_epochs": 50,
        "margin": 5.0,
        "lr": 0.001,
        "l2_reg_lambda": 0.0,
        "use_bn": false,
        "task": "discrimination",
        "bidirectional": false,
        "scorer": "tanh"
    },
    "discrimination": [
        0.10488614800759014,
        [
            0.13692468619246861,
            0.10363128491620112,
            0.06687657430730479
        ]
    ],
    "insertion": [
        0.7206061213667566,
        [
            0.7573387793053065,
            0.7320824009401762,
            0.671204447466835
        ]
    ]
}