{
    "hparams": {
        "loss": "margin",
        "input_dropout": 0.6,
        "hidden_state": 500,
        "hidden_layers": 1,
        "hidden_dropout": 0.3,
        "num_epochs": 50,
        "margin": 5.0,
        "lr": 0.001,
        "l2_reg_lambda": 0.0,
        "use_bn": false,
        "task": "discrimination",
        "bidirectional": false
    },
    "discrimination": [
        0.9385199240986717,
        [
            0.8894351464435146,
            0.9491620111731843,
            0.9928211586901763
        ]
    ],
    "insertion": [
        0.33034726781926527,
        [
            0.4982723982200969,
            0.23943577449142428,
            0.1691506556633106
        ]
    ]
}