{
    "hparams": {
        "loss": "margin",
        "input_dropout": 0.6,
        "hidden_state": 500,
        "hidden_layers": 1,
        "hidden_dropout": 0.3,
        "num_epochs": 50,
        "margin": 5.0,
        "lr": 0.001,
        "l2_reg_lambda": 0.0,
        "use_bn": false,
        "task": "discrimination",
        "bidirectional": false
    },
    "discrimination": [
        0.8039373814041746,
        [
            0.7474895397489539,
            0.7896648044692738,
            0.8783375314861461
        ]
    ],
    "insertion": [
        0.2146964623152086,
        [
            0.3703891877532045,
            0.13500532172549054,
            0.06316898474895542
        ]
    ]
}